Symbol,Security,SEC filings,GICS Sector,GICS Sub Industry,Headquarters Location,Date first added,CIK,Founded
MMM,3M Company,reports,Industrials,Industrials,"St. Paul, Minnesota",,66740,1902
ABT,Abbott Laboratories,reports,Health Care,Health Care,"North Chicago, Illinois",1964-03-31,1800,1888
ABBV,AbbVie Inc.,reports,Health Care,Health Care,"North Chicago, Illinois",2012-12-31,1551152,2013 (1888)
ABMD,ABIOMED Inc,reports,Health Care,Health Care,"Danvers, Massachusetts",2018-05-31,815094,1981
ACN,Accenture plc,reports,Information Technology,Information Technology,"Dublin, Ireland",2011-07-06,1467373,1989
ATVI,Activision Blizzard,reports,Communication Services,Communication Services,"Santa Monica, California",2015-08-31,718877,2008
ADBE,Adobe Systems Inc,reports,Information Technology,Information Technology,"San Jose, California",1997-05-05,796343,1982
AMD,Advanced Micro Devices Inc,reports,Information Technology,Information Technology,"Sunnyvale, California",2017-03-20,2488,1969
AAP,Advance Auto Parts,reports,Consumer Discretionary,Consumer Discretionary,"Raleigh, North Carolina",2015-07-09,1158449,1932
AES,AES Corp,reports,Utilities,Utilities,"Arlington, Virginia",1998-10-02,874761,1981
AMG,Affiliated Managers Group Inc,reports,Financials,Financials,"West Palm Beach, Florida",2014-07-01,1004434,1993
AFL,AFLAC Inc,reports,Financials,Financials,"Columbus, Georgia",1999-05-28,4977,1955
A,Agilent Technologies Inc,reports,Health Care,Health Care,"Santa Clara, California",2000-06-05,1090872,1999
APD,Air Products & Chemicals Inc,reports,Materials,Materials,"Allentown, Pennsylvania",1985-04-30,2969,1940
AKAM,Akamai Technologies Inc,reports,Information Technology,Information Technology,"Cambridge, Massachusetts",2007-07-12,1086222,1998
ALK,Alaska Air Group Inc,reports,Industrials,Industrials,"Seattle, Washington",2016-05-13,766421,1985
ALB,Albemarle Corp,reports,Materials,Materials,"Charlotte, North Carolina",2016-07-01,915913,1994
ARE,Alexandria Real Estate Equities,reports,Real Estate,Real Estate,"Pasadena, California",2017-03-20,1035443,1994
ALXN,Alexion Pharmaceuticals,reports,Health Care,Health Care,"Boston, Massachusetts",2012-05-25,899866,1992
ALGN,Align Technology,reports,Health Care,Health Care,"San Jose, California",2017-06-19,1097149,1997
ALLE,Allegion,reports,Industrials,Industrials,"Dublin, Ireland",2013-12-02,1579241,1908
AGN,"Allergan, Plc",reports,Health Care,Health Care,"Dublin, Ireland",1999-04-12,1578845,1983
ADS,Alliance Data Systems,reports,Information Technology,Information Technology,"Plano, Texas",2013-12-23,1101215,1996
LNT,Alliant Energy Corp,reports,Utilities,Utilities,"Madison, Wisconsin",2016-07-01,352541,1917
ALL,Allstate Corp,reports,Financials,Financials,"Northfield Township, Illinois",1995-07-13,899051,1931
GOOGL,Alphabet Inc Class A,reports,Communication Services,Communication Services,"Mountain View, California",2014-04-03,1652044,1998
GOOG,Alphabet Inc Class C,reports,Communication Services,Communication Services,"Mountain View, California",2006-04-03,1652044,1998
MO,Altria Group Inc,reports,Consumer Staples,Consumer Staples,"Richmond, Virginia",,764180,1985
AMZN,Amazon.com Inc.,reports,Consumer Discretionary,Consumer Discretionary,"Seattle, Washington",2005-11-18,1018724,1994
AMCR,Amcor plc,reports,Materials,Materials,"Warmley, Bristol, United Kingdom",2019-06-07,1748790,
AEE,Ameren Corp,reports,Utilities,Utilities,"St. Louis, Missouri",1991-09-19,1002910,1902
AAL,American Airlines Group,reports,Industrials,Industrials,"Fort Worth, Texas",2015-03-23,6201,1934
AEP,American Electric Power,reports,Utilities,Utilities,"Columbus, Ohio",,4904,1906
AXP,American Express Co,reports,Financials,Financials,"New York, New York",1976-06-30,4962,1850
AIG,American International Group,reports,Financials,Financials,"New York, New York",1980-03-31,5272,1919
AMT,American Tower Corp.,reports,Real Estate,Real Estate,"Boston, Massachusetts",2007-11-19,1053507,1995
AWK,American Water Works Company Inc,reports,Utilities,Utilities,"Camden, New Jersey",2016-03-04,1410636,1886
AMP,Ameriprise Financial,reports,Financials,Financials,"Minneapolis, Minnesota",2005-10-03,820027,1894
ABC,AmerisourceBergen Corp,reports,Health Care,Health Care,"Chesterbrook, Pennsylvania",2001-08-30,1140859,1985
AME,AMETEK Inc.,reports,Industrials,Industrials,"Berwyn, Pennsylvania",2013-09-23,1037868,1930
AMGN,Amgen Inc.,reports,Health Care,Health Care,"Thousand Oaks, California",1992-01-02,318154,1980
APH,Amphenol Corp,reports,Information Technology,Information Technology,"Wallingford, Connecticut",2008-09-30,820313,1932
ADI,"Analog Devices, Inc.",reports,Information Technology,Information Technology,"Norwood, Massachusetts",1999-10-12,6281,1965
ANSS,ANSYS,reports,Information Technology,Information Technology,"Canonsburg, Pennsylvania",2017-06-19,1013462,1969
ANTM,Anthem,reports,Health Care,Health Care,"Indianapolis, Indiana",2002-07-25,1156039,2014 (1940s)
AON,Aon plc,reports,Financials,Financials,"London, United Kingdom",1996-04-23,315293,1982 (1919)
AOS,A.O. Smith Corp,reports,Industrials,Industrials,"Milwaukee, Wisconsin",2017-07-26,91142,1916
APA,Apache Corporation,reports,Energy,Energy,"Houston, Texas",1997-07-28,6769,1954
AIV,Apartment Investment & Management,reports,Real Estate,Real Estate,"Denver, Colorado",2003-03-14,922864,1994 (1975)
AAPL,Apple Inc.,reports,Information Technology,Information Technology,"Cupertino, California",1982-11-30,320193,1977
AMAT,Applied Materials Inc.,reports,Information Technology,Information Technology,"Santa Clara, California",1995-03-16,6951,1967
APTV,Aptiv Plc,reports,Consumer Discretionary,Consumer Discretionary,"Dublin, Ireland",2012-12-24,1521332,1994
ADM,Archer-Daniels-Midland Co,reports,Consumer Staples,Consumer Staples,"Chicago, Illinois",1981-07-29,7084,1902
ARNC,Arconic Inc.,reports,Industrials,Industrials,"New York, New York",1964-03-31,4281,2016
ANET,Arista Networks,reports,Information Technology,Information Technology,"Santa Clara, California",2018-08-28,1596532,2004
AJG,Arthur J. Gallagher & Co.,reports,Financials,Financials,"Itasca, Illinois",2016-05-31,354190,
AIZ,Assurant,reports,Financials,Financials,"New York, New York",2007-04-10,1267238,
ATO,Atmos Energy Corp,reports,Utilities,Utilities,"Dallas, Texas",2019-02-15,731802,1906
T,AT&T Inc.,reports,Communication Services,Communication Services,"Dallas, Texas",1983-11-30,732717,1983
ADSK,Autodesk Inc.,reports,Information Technology,Information Technology,"San Rafael, California",1989-12-01,769397,
ADP,Automatic Data Processing,reports,Information Technology,Information Technology,"Roseland, New Jersey",1981-03-31,8670,
AZO,AutoZone Inc,reports,Consumer Discretionary,Consumer Discretionary,"Memphis, Tennessee",1997-01-02,866787,
AVB,"AvalonBay Communities, Inc.",reports,Real Estate,Real Estate,"Arlington, Virginia[3]",2007-01-10,915912,
AVY,Avery Dennison Corp,reports,Materials,Materials,"Glendale, California",1987-12-31,8818,
BKR,Baker Hughes Co,reports,Energy,Energy,"Houston, Texas",2017-07-07,1701605,2017
BLL,Ball Corp,reports,Materials,Materials,"Broomfield, Colorado",1984-10-31,9389,
BAC,Bank of America Corp,reports,Financials,Financials,"Charlotte, North Carolina",1976-06-30,70858,
BK,The Bank of New York Mellon Corp.,reports,Financials,Financials,"New York, New York",1995-03-31,1390777,
BAX,Baxter International Inc.,reports,Health Care,Health Care,"Deerfield, Illinois",1972-09-30,10456,1931
BBT,BB&T Corporation,reports,Financials,Financials,"Winston-Salem, North Carolina",1997-12-04,92230,
BDX,Becton Dickinson,reports,Health Care,Health Care,"Franklin Lakes, New Jersey",1972-09-30,10795,1897
BRK.B,Berkshire Hathaway,reports,Financials,Financials,"Omaha, Nebraska",2010-02-16,1067983,
BBY,Best Buy Co. Inc.,reports,Consumer Discretionary,Consumer Discretionary,"Richfield, Minnesota",1999-06-29,764478,
BIIB,Biogen Inc.,reports,Health Care,Health Care,"Cambridge, Massachusetts",2003-11-13,875045,
BLK,BlackRock,reports,Financials,Financials,"New York, New York",2011-04-04,1364742,
BA,Boeing Company,reports,Industrials,Industrials,"Chicago, Illinois",,12927,1916
BKNG,Booking Holdings Inc,reports,Consumer Discretionary,Consumer Discretionary,"Norwalk, Connecticut",2009-11-06,1075531,
BWA,BorgWarner,reports,Consumer Discretionary,Consumer Discretionary,"Auburn Hills, Michigan",2011-12-19,908255,
BXP,Boston Properties,reports,Real Estate,Real Estate,"Boston, Massachusetts",2006-04-03,1037540,
BSX,Boston Scientific,reports,Health Care,Health Care,"Marlborough, Massachusetts[4]",1995-02-24,885725,
BMY,Bristol-Myers Squibb,reports,Health Care,Health Care,"New York, New York",,14272,1989
AVGO,Broadcom Inc.,reports,Information Technology,Information Technology,"San Jose, California",2014-05-08,1730168,
BR,Broadridge Financial Solutions,reports,Information Technology,Information Technology,"Lake Success, New York",2018-06-18,1383312,1962
BF.B,Brown-Forman Corp.,reports,Consumer Staples,Consumer Staples,"Louisville, Kentucky",1982-10-31,14693,
CHRW,C. H. Robinson Worldwide,reports,Industrials,Industrials,"Eden Prairie, Minnesota",2007-03-02,1043277,
COG,Cabot Oil & Gas,reports,Energy,Energy,"Houston, Texas",2008-06-23,858470,
CDNS,Cadence Design Systems,reports,Information Technology,Information Technology,"San Jose, California",2017-09-18,813672,
CPB,Campbell Soup,reports,Consumer Staples,Consumer Staples,"Camden, New Jersey",,16732,1869
COF,Capital One Financial,reports,Financials,Financials,"Tysons Corner, Virginia",1998-07-01,927628,1935
CPRI,Capri Holdings,reports,Consumer Discretionary,Consumer Discretionary,"New York, New York",2013-11-13,1530721,
CAH,Cardinal Health Inc.,reports,Health Care,Health Care,"Dublin, Ohio",1997-05-27,721371,
KMX,Carmax Inc,reports,Consumer Discretionary,Consumer Discretionary,"Richmond, Virginia",2010-06-28,1170010,
CCL,Carnival Corp.,reports,Consumer Discretionary,Consumer Discretionary,"Miami, Florida",1998-12-22,815097,
CAT,Caterpillar Inc.,reports,Industrials,Industrials,"Deerfield, Illinois",,18230,1925
CBOE,Cboe Global Markets,reports,Financials,Financials,"Chicago, Illinois",2017-03-01,1374310,
CBRE,CBRE Group,reports,Real Estate,Real Estate,"Los Angeles, California",2006-11-10,1138118,
CBS,CBS Corp.,reports,Communication Services,Communication Services,"New York, New York",1994-09-01,813828,2006
CDW,CDW,reports,Information Technology,Information Technology,"Lincolnshire, Illinois",2019-09-23,1402057,1984
CE,Celanese,reports,Materials,Materials,"Irving, Texas",2018-12-24,1306830,
CNC,Centene Corporation,reports,Health Care,Health Care,"St Louis, Missouri",2016-03-30,1071739,
CNP,CenterPoint Energy,reports,Utilities,Utilities,"Houston, Texas",1985-07-31,1130310,
CTL,CenturyLink Inc,reports,Communication Services,Communication Services,"Monroe, Louisiana",1999-03-25,18926,
CERN,Cerner,reports,Health Care,Health Care,"North Kansas City, Missouri",2010-04-30,804753,
CF,CF Industries Holdings Inc,reports,Materials,Materials,"Deerfield, Illinois",2008-08-27,1324404,
SCHW,Charles Schwab Corporation,reports,Financials,Financials,"San Francisco, California",1997-06-02,316709,
CHTR,Charter Communications,reports,Communication Services,Communication Services,"Stamford, Connecticut",2016-09-08,1091667,
CVX,Chevron Corp.,reports,Energy,Energy,"San Ramon, California",,93410,1879
CMG,Chipotle Mexican Grill,reports,Consumer Discretionary,Consumer Discretionary,"Newport Beach, California",2011-04-28,1058090,
CB,Chubb Limited,reports,Financials,Financials,"Zurich, Switzerland",2010-07-15,896159,
CHD,Church & Dwight,reports,Consumer Staples,Consumer Staples,"Ewing, New Jersey",2015-12-29,313927,
CI,CIGNA Corp.,reports,Health Care,Health Care,"Bloomfield, Connecticut",1976-06-30,701221,
XEC,Cimarex Energy,reports,Energy,Energy,"Denver, Colorado",2014-06-21,1168054,
CINF,Cincinnati Financial,reports,Financials,Financials,"Fairfield, Ohio",1997-12-18,20286,
CTAS,Cintas Corporation,reports,Industrials,Industrials,"Mason, Ohio",2001-03-01,723254,
CSCO,Cisco Systems,reports,Information Technology,Information Technology,"San Jose, California",1993-12-01,858877,
C,Citigroup Inc.,reports,Financials,Financials,"New York, New York",1988-05-31,831001,
CFG,Citizens Financial Group,reports,Financials,Financials,"Providence, Rhode Island",2016-01-29,759944,
CTXS,Citrix Systems,reports,Information Technology,Information Technology,"Fort Lauderdale, Florida",1999-12-01,877890,
CLX,The Clorox Company,reports,Consumer Staples,Consumer Staples,"Oakland, California",1969-03-31,21076,1913
CME,CME Group Inc.,reports,Financials,Financials,"Chicago, Illinois",2006-08-11,1156375,
CMS,CMS Energy,reports,Utilities,Utilities,"Jackson, Michigan",1999-05-03,811156,
KO,Coca-Cola Company,reports,Consumer Staples,Consumer Staples,"Atlanta, Georgia",,21344,1886
CTSH,Cognizant Technology Solutions,reports,Information Technology,Information Technology,"Teaneck, New Jersey",2006-11-17,1058290,
CL,Colgate-Palmolive,reports,Consumer Staples,Consumer Staples,"New York, New York",,21665,1806
CMCSA,Comcast Corp.,reports,Communication Services,Communication Services,"Philadelphia, Pennsylvania",2015-09-18,1166691,
CMA,Comerica Inc.,reports,Financials,Financials,"Dallas, Texas",1995-12-01,28412,
CAG,Conagra Brands,reports,Consumer Staples,Consumer Staples,"Chicago, Illinois",1983-08-31,23217,
CXO,Concho Resources,reports,Energy,Energy,"Midland, Texas",2016-02-22,1358071,
COP,ConocoPhillips,reports,Energy,Energy,"Houston, Texas",,1163165,2002
ED,Consolidated Edison,reports,Utilities,Utilities,"New York, New York",,1047862,1823
STZ,Constellation Brands,reports,Consumer Staples,Consumer Staples,"Victor, New York",2005-07-01,16918,
COO,The Cooper Companies,reports,Health Care,Health Care,"Pleasanton, California",2016-09-23,711404,
CPRT,Copart Inc,reports,Industrials,Industrials,"Dallas, Texas",2018-07-02,900075,
GLW,Corning Inc.,reports,Information Technology,Information Technology,"Corning, New York",,24741,1851
CTVA,Corteva,reports,Materials,Materials,"Wilmington, Delaware",2019-06-03,1755672,2019
COST,Costco Wholesale Corp.,reports,Consumer Staples,Consumer Staples,"Issaquah, Washington",1993-10-01,909832,
COTY,"Coty, Inc",reports,Consumer Staples,Consumer Staples,"New York, New York",2016-10-03,1024305,
CCI,Crown Castle International Corp.,reports,Real Estate,Real Estate,"Houston, Texas",2012-03-14,1051470,
CSX,CSX Corp.,reports,Industrials,Industrials,"Jacksonville, Florida",1967-09-30,277948,1980
CMI,Cummins Inc.,reports,Industrials,Industrials,"Columbus, Indiana",1965-03-31,26172,1919
CVS,CVS Health,reports,Health Care,Health Care,"Woonsocket, Rhode Island",,64803,1996
DHI,D. R. Horton,reports,Consumer Discretionary,Consumer Discretionary,"Fort Worth, Texas",,882184,1978
DHR,Danaher Corp.,reports,Health Care,Health Care,"Washington, D.C.",,313616,1969
DRI,Darden Restaurants,reports,Consumer Discretionary,Consumer Discretionary,"Orlando, Florida",,940944,1938
DVA,DaVita Inc.,reports,Health Care,Health Care,"Denver, Colorado",2008-07-31,927066,
DE,Deere & Co.,reports,Industrials,Industrials,"Moline, Illinois",,315189,1837
DAL,Delta Air Lines Inc.,reports,Industrials,Industrials,"Atlanta, Georgia",2013-09-11,27904,
XRAY,Dentsply Sirona,reports,Health Care,Health Care,"York, Pennsylvania",2008-11-14,818479,
DVN,Devon Energy,reports,Energy,Energy,"Oklahoma City, Oklahoma",2000-08-30,1090012,
FANG,Diamondback Energy,reports,Energy,Energy,"Midland, Texas",2018-12-03,1539838,2007
DLR,Digital Realty Trust Inc,reports,Real Estate,Real Estate,"San Francisco, California",2016-05-18,1297996,
DFS,Discover Financial Services,reports,Financials,Financials,"Riverwoods, Illinois",2007-07-02,1393612,
DISCA,Discovery Inc. Class A,reports,Communication Services,Communication Services,"Silver Spring, Maryland",2010-03-01,1437107,
DISCK,Discovery Inc. Class C,reports,Communication Services,Communication Services,"Silver Spring, Maryland",2014-08-07,1437107,
DISH,Dish Network,reports,Communication Services,Communication Services,"Meridian, Colorado",2017-03-13,1001082,
DG,Dollar General,reports,Consumer Discretionary,Consumer Discretionary,"Goodlettsville, Tennessee",2012-12-03,29534,
DLTR,Dollar Tree,reports,Consumer Discretionary,Consumer Discretionary,"Chesapeake, Virginia",2011-12-19,935703,
D,Dominion Energy,reports,Utilities,Utilities,"Richmond, Virginia",,715957,1983
DOV,Dover Corp.,reports,Industrials,Industrials,"Downers Grove, Illinois",1985-10-31,29905,
DOW,Dow Inc.,reports,Materials,Materials,"Midland, Michigan",2019-04-01,1751788,2019
DTE,DTE Energy Co.,reports,Utilities,Utilities,"Detroit, Michigan",,936340,1995
DUK,Duke Energy,reports,Utilities,Utilities,"Charlotte, North Carolina",1976-06-30,1326160,
DRE,Duke Realty Corp,reports,Real Estate,Real Estate,"Indianapolis, Indiana",2017-07-26,783280,
DD,DuPont de Nemours Inc,reports,Materials,Materials,"Midland, Michigan",,1666700,2017
DXC,DXC Technology,reports,Information Technology,Information Technology,"Tysons Corner, Virginia",2017-04-04,1688568,
ETFC,E*Trade,reports,Financials,Financials,"New York, New York",2004-03-31,1015780,
EMN,Eastman Chemical,reports,Materials,Materials,"Kingsport, Tennessee",1994-01-01,915389,
ETN,Eaton Corporation,reports,Industrials,Industrials,"Dublin, Ireland",,1551182,1911
EBAY,eBay Inc.,reports,Consumer Discretionary,Consumer Discretionary,"San Jose, California",,1065088,1995
ECL,Ecolab Inc.,reports,Materials,Materials,"St. Paul, Minnesota",1989-01-31,31462,
EIX,Edison Int'l,reports,Utilities,Utilities,"Rosemead, California",,827052,1886
EW,Edwards Lifesciences,reports,Health Care,Health Care,"Irvine, California",2011-04-01,1099800,
EA,Electronic Arts,reports,Communication Services,Communication Services,"Redwood City, California",2002-07-22,712515,
EMR,Emerson Electric Company,reports,Industrials,Industrials,"Ferguson, Missouri",1965-03-31,32604,1890
ETR,Entergy Corp.,reports,Utilities,Utilities,"New Orleans, Louisiana",,65984,1913
EOG,EOG Resources,reports,Energy,Energy,"Houston, Texas",2000-11-02,821189,
EFX,Equifax Inc.,reports,Industrials,Industrials,"Atlanta, Georgia",1997-06-19,33185,
EQIX,Equinix,reports,Real Estate,Real Estate,"Redwood City, California",2015-03-20,1101239,
EQR,Equity Residential,reports,Real Estate,Real Estate,"Chicago, Illinois",2001-12-03,906107,
ESS,"Essex Property Trust, Inc.",reports,Real Estate,Real Estate,"Palo Alto, California",2014-04-02,920522,
EL,Estee Lauder Cos.,reports,Consumer Staples,Consumer Staples,"New York, New York",2006-01-05,1001250,
EVRG,Evergy,reports,Utilities,Utilities,"Kansas City, Missouri",2018-06-05,1711269,1909
ES,Eversource Energy,reports,Utilities,Utilities,"Springfield, Massachusetts",,72741,1966
RE,Everest Re Group Ltd.,reports,Financials,Financials,"Hamilton, Bermuda",2017-06-19,1095073,
EXC,Exelon Corp.,reports,Utilities,Utilities,"Chicago, Illinois",,1109357,2000
EXPE,Expedia Group,reports,Consumer Discretionary,Consumer Discretionary,"Bellevue, Washington",2007-10-02,1324424,
EXPD,Expeditors,reports,Industrials,Industrials,"Seattle, Washington",2007-10-10,746515,
EXR,Extra Space Storage,reports,Real Estate,Real Estate,"Salt Lake City, Utah",2016-01-19,1289490,
XOM,Exxon Mobil Corp.,reports,Energy,Energy,"Irving, Texas",,34088,1999
FFIV,F5 Networks,reports,Information Technology,Information Technology,"Seattle, Washington",2010-12-20,1048695,1996
FB,"Facebook, Inc.",reports,Communication Services,Communication Services,"Menlo Park, California",2013-12-23,1326801,
FAST,Fastenal Co,reports,Industrials,Industrials,"Winona, Minnesota",2009-09-15,815556,
FRT,Federal Realty Investment Trust,reports,Real Estate,Real Estate,"Rockville, Maryland",2016-02-01,34903,
FDX,FedEx Corporation,reports,Industrials,Industrials,"Memphis, Tennessee",1980-12-31,1048911,
FIS,Fidelity National Information Services,reports,Information Technology,Information Technology,"Jacksonville, Florida",2006-11-10,1136893,
FITB,Fifth Third Bancorp,reports,Financials,Financials,"Cincinnati, Ohio",,35527,1858
FE,FirstEnergy Corp,reports,Utilities,Utilities,"Akron, Ohio",,1031296,1997
FRC,First Republic Bank,reports,Financials,Financials,"San Francisco, California",2019-01-02,1132979,1985
FISV,Fiserv Inc,reports,Information Technology,Information Technology,"Brookfield, Wisconsin",2001-04-02,798354,
FLT,FleetCor Technologies Inc,reports,Information Technology,Information Technology,"Norcross, Georgia",2018-06-20,1175454,2000
FLIR,FLIR Systems,reports,Information Technology,Information Technology,"Wilsonville, Oregon",2009-01-02,354908,
FLS,Flowserve Corporation,reports,Industrials,Industrials,"Irving, Texas",2008-10-02,30625,
FMC,FMC Corporation,reports,Materials,Materials,"Philadelphia, Pennsylvania",2009-08-19,37785,
F,Ford Motor,reports,Consumer Discretionary,Consumer Discretionary,"Dearborn, Michigan",,37996,1903
FTNT,Fortinet,reports,Information Technology,Information Technology,"Sunnyvale, California",2018-10-11,1262039,2000
FTV,Fortive Corp,reports,Industrials,Industrials,"Everett, Washington",2016-07-01,1659166,
FBHS,Fortune Brands Home & Security,reports,Industrials,Industrials,"Deerfield, Illinois",2016-06-22,1519751,
FOXA,Fox Corporation Class A,reports,Communication Services,Communication Services,"New York, New York",2013-07-01,1308161,
FOX,Fox Corporation Class B,reports,Communication Services,Communication Services,"New York, New York",2015-09-18,1308161,
BEN,Franklin Resources,reports,Financials,Financials,"San Mateo, California",,38777,1947
FCX,Freeport-McMoRan Inc.,reports,Materials,Materials,"Phoenix, Arizona",,831259,1912
GPS,Gap Inc.,reports,Consumer Discretionary,Consumer Discretionary,"San Francisco, California",1986-08-31,39911,
GRMN,Garmin Ltd.,reports,Consumer Discretionary,Consumer Discretionary,"Schaffhausen, Switzerland",2012-12-12,1121788,
IT,Gartner Inc,reports,Information Technology,Information Technology,"Stamford, Connecticut",2017-04-05,749251,
GD,General Dynamics,reports,Industrials,Industrials,"Falls Church, Virginia",,40533,1899
GE,General Electric,reports,Industrials,Industrials,"Boston, Massachusetts",,40545,1892
GIS,General Mills,reports,Consumer Staples,Consumer Staples,"Golden Valley, Minnesota",1969-03-31,40704,1856
GM,General Motors,reports,Consumer Discretionary,Consumer Discretionary,"Detroit, Michigan",2013-06-06,1467858,
GPC,Genuine Parts,reports,Consumer Discretionary,Consumer Discretionary,"Atlanta, Georgia",1973-12-31,40987,1925
GILD,Gilead Sciences,reports,Health Care,Health Care,"Foster City, California",2004-07-01,882095,
GL,Globe Life Inc.,reports,Financials,Financials,"McKinney, Texas",1989-04-30,320335,
GPN,Global Payments Inc.,reports,Information Technology,Information Technology,"Atlanta, Georgia",2016-04-25,1123360,
GS,Goldman Sachs Group,reports,Financials,Financials,"New York, New York",2002-07-22,886982,
GWW,Grainger (W.W.) Inc.,reports,Industrials,Industrials,"Lake Forest, Illinois",1981-06-30,277135,
HRB,H&R Block,reports,Consumer Discretionary,Consumer Discretionary,"Kansas City, Missouri",1986-11-30,12659,
HAL,Halliburton Co.,reports,Energy,Energy,"Houston, Texas",,45012,1919
HBI,Hanesbrands Inc,reports,Consumer Discretionary,Consumer Discretionary,"Winston-Salem, North Carolina",2015-03-20,1359841,
HOG,Harley-Davidson,reports,Consumer Discretionary,Consumer Discretionary,"Milwaukee, Wisconsin",,793952,1903
HIG,Hartford Financial Svc.Gp.,reports,Financials,Financials,"Hartford, Connecticut",,874766,
HAS,Hasbro Inc.,reports,Consumer Discretionary,Consumer Discretionary,"Pawtucket, Rhode Island",1984-09-30,46080,
HCA,HCA Healthcare,reports,Health Care,Health Care,"Nashville, Tennessee",2015-01-27,860730,
PEAK,Healthpeak Properties,reports,Real Estate,Real Estate,"Long Beach, California",2008-03-31,765880,
HP,Helmerich & Payne,reports,Energy,Energy,"Tulsa, Oklahoma[5]",2010-03-01,46765,
HSIC,Henry Schein,reports,Health Care,Health Care,"Melville, New York",2015-03-17,1000228,
HSY,The Hershey Company,reports,Consumer Staples,Consumer Staples,"Hershey, Pennsylvania",,47111,1894
HES,Hess Corporation,reports,Energy,Energy,"New York, New York",1984-05-31,4447,
HPE,Hewlett Packard Enterprise,reports,Information Technology,Information Technology,"Palo Alto, California",2015-11-02,1645590,
HLT,Hilton Worldwide Holdings Inc,reports,Consumer Discretionary,Consumer Discretionary,"Tysons Corner, Virginia",2017-06-19,1585689,
HFC,HollyFrontier Corp,reports,Energy,Energy,"Dallas, Texas",2018-06-18,48039,
HOLX,Hologic,reports,Health Care,Health Care,"Marlborough, Massachusetts",2016-03-30,859737,
HD,Home Depot,reports,Consumer Discretionary,Consumer Discretionary,"Atlanta, Georgia",1988-03-31,354950,
HON,Honeywell Int'l Inc.,reports,Industrials,Industrials,"Morristown, New Jersey",1964-03-31,773840,1906
HRL,Hormel Foods Corp.,reports,Consumer Staples,Consumer Staples,"Austin, Minnesota",2009-03-04,48465,
HST,Host Hotels & Resorts,reports,Real Estate,Real Estate,"Bethesda, Maryland",2007-03-20,1070750,
HPQ,HP Inc.,reports,Information Technology,Information Technology,"Palo Alto, California",1974-12-31,47217,1939 (2015)
HUM,Humana Inc.,reports,Health Care,Health Care,"Louisville, Kentucky",,49071,1961
HBAN,Huntington Bancshares,reports,Financials,Financials,"Columbus, Ohio",,49196,1866
HII,Huntington Ingalls Industries,reports,Industrials,Industrials,"Newport News, Virginia",2018-01-03,1501585,
IEX,IDEX Corporation,reports,Industrials,Industrials,"Lake Forest, Illinois",2019-08-09,832101,1988
IDXX,IDEXX Laboratories,reports,Health Care,Health Care,"Westbrook, Maine",2017-01-05,874716,
INFO,IHS Markit Ltd.,reports,Industrials,Industrials,"London, United Kingdom",2017-06-02,1598014,
ITW,Illinois Tool Works,reports,Industrials,Industrials,"Glenview, Illinois",1986-02-28,49826,
ILMN,Illumina Inc,reports,Health Care,Health Care,"San Diego, California",2015-11-19,1110803,
IR,Ingersoll-Rand PLC,reports,Industrials,Industrials,"Dublin, Ireland",2010-11-17,1466258,
INTC,Intel Corp.,reports,Information Technology,Information Technology,"Santa Clara, California",1976-12-31,50863,
ICE,Intercontinental Exchange,reports,Financials,Financials,"Atlanta, Georgia",2007-09-26,1571949,
IBM,International Business Machines,reports,Information Technology,Information Technology,"Armonk, New York",,51143,1911
INCY,Incyte,reports,Health Care,Health Care,"Wilmington, Delaware",2017-02-28,879169,
IP,International Paper,reports,Materials,Materials,"Memphis, Tennessee",,51434,1898
IPG,Interpublic Group,reports,Communication Services,Communication Services,"New York, New York",1992-10-01,51644,
IFF,Intl Flavors & Fragrances,reports,Materials,Materials,"New York, New York",1976-03-31,51253,
INTU,Intuit Inc.,reports,Information Technology,Information Technology,"Mountain View, California",2000-12-05,896878,
ISRG,Intuitive Surgical Inc.,reports,Health Care,Health Care,"Sunnyvale, California",2008-06-02,1035267,
IVZ,Invesco Ltd.,reports,Financials,Financials,"Atlanta, Georgia",2008-08-21,914208,
IPGP,IPG Photonics Corp.,reports,Information Technology,Information Technology,"Oxford, Massachusetts",2018-03-07,1111928,
IQV,IQVIA Holdings Inc.,reports,Health Care,Health Care,"Durham, North Carolina",2017-08-29,1478242,
IRM,Iron Mountain Incorporated,reports,Real Estate,Real Estate,"Boston, Massachusetts",2009-01-06,1020569,
JKHY,Jack Henry & Associates,reports,Information Technology,Information Technology,"Monett, Missouri",2018-11-13,779152,
JEC,Jacobs Engineering Group,reports,Industrials,Industrials,"Pasadena, California",2007-10-26,52988,
JBHT,J. B. Hunt Transport Services,reports,Industrials,Industrials,"Lowell, Arkansas",2015-07-01,728535,
SJM,JM Smucker,reports,Consumer Staples,Consumer Staples,"Orrville, Ohio",2008-11-06,91419,
JNJ,Johnson & Johnson,reports,Health Care,Health Care,"New Brunswick, New Jersey",1973-06-30,200406,1886
JCI,Johnson Controls International,reports,Industrials,Industrials,"Cork, Ireland",2010-08-27,833444,
JPM,JPMorgan Chase & Co.,reports,Financials,Financials,"New York, New York",1975-06-30,19617,
JNPR,Juniper Networks,reports,Information Technology,Information Technology,"Sunnyvale, California",,1043604,1996
KSU,Kansas City Southern,reports,Industrials,Industrials,"Kansas City, Missouri",2013-05-24,54480,
K,Kellogg Co.,reports,Consumer Staples,Consumer Staples,"Battle Creek, Michigan",,55067,1906
KEY,KeyCorp,reports,Financials,Financials,"Cleveland, Ohio",1994-03-01,91576,
KEYS,Keysight Technologies,reports,Information Technology,Information Technology,"Santa Rosa, California",2018-11-06,1601046,2014
KMB,Kimberly-Clark,reports,Consumer Staples,Consumer Staples,"Irving, Texas",,55785,1872
KIM,Kimco Realty,reports,Real Estate,Real Estate,"New Hyde Park, New York",2006-04-04,879101,
KMI,Kinder Morgan,reports,Energy,Energy,"Houston, Texas",2012-05-25,1506307,
KLAC,KLA Corporation,reports,Information Technology,Information Technology,"Milpitas, California",,319201,1975/1977 (1997)
KSS,Kohl's Corp.,reports,Consumer Discretionary,Consumer Discretionary,"Menomonee Falls, Wisconsin",,885639,1962
KHC,Kraft Heinz Co,reports,Consumer Staples,Consumer Staples,"Chicago, Illinois; Pittsburgh, Pennsylvania",2015-07-06,1637459,
KR,Kroger Co.,reports,Consumer Staples,Consumer Staples,"Cincinnati, Ohio",,56873,1883
LB,L Brands Inc.,reports,Consumer Discretionary,Consumer Discretionary,"Columbus, Ohio",1983-09-30,701985,
LHX,L3Harris Technologies,reports,Industrials,Industrials,"Melbourne, Florida",,202058,
LH,Laboratory Corp. of America Holding,reports,Health Care,Health Care,"Burlington, North Carolina",2004-11-01,920148,
LRCX,Lam Research,reports,Information Technology,Information Technology,"Fremont, California",2012-06-29,707549,
LW,Lamb Weston Holdings Inc,reports,Consumer Staples,Consumer Staples,"Eagle, Idaho",2018-12-03,1679273,
LVS,Las Vegas Sands Corp,reports,Consumer Discretionary,Consumer Discretionary,"Las Vegas, Nevada",2019-10-03,1300514,
LEG,Leggett & Platt,reports,Consumer Discretionary,Consumer Discretionary,"Carthage, Missouri",,58492,1883
LDOS,Leidos Holdings,reports,Information Technology,Information Technology,"Reston, Virginia",2019-08-09,1336920,1969
LEN,Lennar Corp.,reports,Consumer Discretionary,Consumer Discretionary,"Miami, Florida",2005-10-04,920760,
LLY,Lilly (Eli) & Co.,reports,Health Care,Health Care,"Indianapolis, Indiana",1970-12-31,59478,1876
LNC,Lincoln National,reports,Financials,Financials,"Radnor, Pennsylvania",1976-06-30,59558,
LIN,Linde plc,reports,Materials,Materials,"Guildford, Surrey, United Kingdom",1992-07-01,1707925,
LKQ,LKQ Corporation,reports,Consumer Discretionary,Consumer Discretionary,"Chicago, Illinois",2016-05-23,1065696,
LMT,Lockheed Martin Corp.,reports,Industrials,Industrials,"Bethesda, Maryland",1984-07-31,936468,
L,Loews Corp.,reports,Financials,Financials,"New York, New York",,60086,
LOW,Lowe's Cos.,reports,Consumer Discretionary,Consumer Discretionary,"Mooresville, North Carolina",1984-02-29,60667,1904/1946/1959
LYB,LyondellBasell,reports,Materials,Materials,"Rotterdam, Netherlands",2012-09-05,1489393,
MTB,M&T Bank Corp.,reports,Financials,Financials,"Buffalo, New York",,36270,1856
MAC,Macerich,reports,Real Estate,Real Estate,"Santa Monica, California",2013-05-09,912242,
M,Macy's Inc.,reports,Consumer Discretionary,Consumer Discretionary,"Cincinnati, Ohio",,794367,1929
MRO,Marathon Oil Corp.,reports,Energy,Energy,"Houston, Texas",1991-05-01,101778,
MPC,Marathon Petroleum,reports,Energy,Energy,"Findlay, Ohio",2011-07-01,1510295,
MKTX,MarketAxess,reports,Financials,Financials,"New York, New York",2019-07-01,1278021,2000
MAR,Marriott Int'l.,reports,Consumer Discretionary,Consumer Discretionary,"Bethesda, Maryland",,1048286,1927
MMC,Marsh & McLennan,reports,Financials,Financials,"New York, New York",1987-08-31,62709,
MLM,Martin Marietta Materials,reports,Materials,Materials,"Raleigh, North Carolina",2014-07-02,916076,
MAS,Masco Corp.,reports,Industrials,Industrials,"Taylor, Michigan",1981-06-30,62996,
MA,Mastercard Inc.,reports,Information Technology,Information Technology,"Harrison, New York",2008-07-18,1141391,
MKC,McCormick & Co.,reports,Consumer Staples,Consumer Staples,"Sparks, Maryland",,63754,1889
MXIM,Maxim Integrated Products Inc,reports,Information Technology,Information Technology,"San Jose, California",2018-12-03,743316,1983
MCD,McDonald's Corp.,reports,Consumer Discretionary,Consumer Discretionary,"Chicago, Illinois",1970-06-30,63908,1940
MCK,McKesson Corp.,reports,Health Care,Health Care,"Irving, Texas",,927653,1833
MDT,Medtronic plc,reports,Health Care,Health Care,"Dublin, Ireland",1986-10-31,1613103,
MRK,Merck & Co.,reports,Health Care,Health Care,"Whitehouse Station, New Jersey",,310158,1891
MET,MetLife Inc.,reports,Financials,Financials,"New York, New York",,1099219,1868
MTD,Mettler Toledo,reports,Health Care,Health Care,"Columbus, Ohio",2016-09-06,1037646,
MGM,MGM Resorts International,reports,Consumer Discretionary,Consumer Discretionary,"Paradise, Nevada",2017-07-26,789570,
MCHP,Microchip Technology,reports,Information Technology,Information Technology,"Chandler, Arizona",2007-09-07,827054,
MU,Micron Technology,reports,Information Technology,Information Technology,"Boise, Idaho",1994-09-27,723125,
MSFT,Microsoft Corp.,reports,Information Technology,Information Technology,"Redmond, Washington",1994-06-01,789019,1975
MAA,Mid-America Apartments,reports,Real Estate,Real Estate,"Memphis, Tennessee",2016-12-02,912595,
MHK,Mohawk Industries,reports,Consumer Discretionary,Consumer Discretionary,"Amsterdam, New York",2013-12-23,851968,
TAP,Molson Coors Brewing Company,reports,Consumer Staples,Consumer Staples,"Denver, Colorado",1976-06-30,24545,
MDLZ,Mondelez International,reports,Consumer Staples,Consumer Staples,"Deerfield, Illinois",2012-10-02,1103982,
MNST,Monster Beverage,reports,Consumer Staples,Consumer Staples,"Corona, California",2012-06-28,865752,
MCO,Moody's Corp,reports,Financials,Financials,"New York, New York",,1059556,1909
MS,Morgan Stanley,reports,Financials,Financials,"New York, New York",,895421,1935
MOS,The Mosaic Company,reports,Materials,Materials,"Plymouth, Minnesota",2011-09-26,1285785,
MSI,Motorola Solutions Inc.,reports,Information Technology,Information Technology,"Schaumburg, Illinois",,68505,1928 (2011)
MSCI,MSCI Inc,reports,Financials,Financials,"New York, New York",2018-04-04,1408198,
MYL,Mylan N.V.,reports,Health Care,Health Care,"Amsterdam, Netherlands",2004-04-23,1623613,
NDAQ,"Nasdaq, Inc.",reports,Financials,Financials,"New York, New York",2008-10-22,1120193,
NOV,National Oilwell Varco Inc.,reports,Energy,Energy,"Houston, Texas",2005-03-14,1021860,
NTAP,NetApp,reports,Information Technology,Information Technology,"Sunnyvale, California",1999-06-25,1002047,
NFLX,Netflix Inc.,reports,Communication Services,Communication Services,"Los Gatos, California",2010-12-20,1065280,1997
NWL,Newell Brands,reports,Consumer Discretionary,Consumer Discretionary,"Hoboken, New Jersey",1989-04-30,814453,
NEM,Newmont Goldcorp,reports,Materials,Materials,"Denver, Colorado",1969-06-30,1164727,1921
NWSA,News Corp. Class A,reports,Communication Services,Communication Services,"New York, New York",2013-08-01,1564708,
NWS,News Corp. Class B,reports,Communication Services,Communication Services,"New York, New York",2015-09-18,1564708,
NEE,NextEra Energy,reports,Utilities,Utilities,"Juno Beach, Florida",1976-06-30,753308,
NLSN,Nielsen Holdings,reports,Industrials,Industrials,"New York, New York",2013-07-09,1492633,
NKE,Nike,reports,Consumer Discretionary,Consumer Discretionary,"Washington County, Oregon",1988-11-30,320187,
NI,NiSource Inc.,reports,Utilities,Utilities,"Merrillville, Indiana",,1111711,1912
NBL,Noble Energy Inc,reports,Energy,Energy,"Houston, Texas",2007-10-08,72207,
JWN,Nordstrom,reports,Consumer Discretionary,Consumer Discretionary,"Seattle, Washington",1986-08-31,72333,
NSC,Norfolk Southern Corp.,reports,Industrials,Industrials,"Norfolk, Virginia",,702165,1881/1894 (1980)
NTRS,Northern Trust Corp.,reports,Financials,Financials,"Chicago, Illinois",,73124,1889
NOC,Northrop Grumman,reports,Industrials,Industrials,"West Falls Church, Virginia",1985-06-30,1133421,
NLOK,NortonLifeLock,reports,Information Technology,Information Technology,"Tempe, Arizona",2003-03-25,849399,
NCLH,Norwegian Cruise Line Holdings,reports,Consumer Discretionary,Consumer Discretionary,"Miami, Florida",2017-10-13,1513761,
NRG,NRG Energy,reports,Utilities,Utilities,"Princeton, New Jersey",2010-01-29,1013871,
NUE,Nucor Corp.,reports,Materials,Materials,"Charlotte, North Carolina",1985-04-30,73309,
NVDA,Nvidia Corporation,reports,Information Technology,Information Technology,"Santa Clara, California",2001-11-30,1045810,
NVR,NVR Inc,reports,Consumer Discretionary,Consumer Discretionary,"Reston, VA",2019-09-26,906163,
ORLY,O'Reilly Automotive,reports,Consumer Discretionary,Consumer Discretionary,"Springfield, Missouri",2009-03-27,898173,
OXY,Occidental Petroleum,reports,Energy,Energy,"Houston, Texas",1982-12-31,797468,
OMC,Omnicom Group,reports,Communication Services,Communication Services,"New York, New York",,29989,1986
OKE,ONEOK,reports,Energy,Energy,"Tulsa, Oklahoma",2010-03-15,1039684,
ORCL,Oracle Corp.,reports,Information Technology,Information Technology,"Redwood Shores, California",1989-08-31,1341439,
PCAR,PACCAR Inc.,reports,Industrials,Industrials,"Bellevue, Washington",1980-12-31,75362,
PKG,Packaging Corporation of America,reports,Materials,Materials,"Lake Forest, Illinois",2017-07-26,75677,
PH,Parker-Hannifin,reports,Industrials,Industrials,"Cleveland, Ohio",1985-11-30,76334,
PAYX,Paychex Inc.,reports,Information Technology,Information Technology,"Penfield, New York",,723531,1971
PYPL,PayPal,reports,Information Technology,Information Technology,"San Jose, California",2015-07-20,1633917,
PNR,Pentair plc,reports,Industrials,Industrials,"Worsley, UK",2012-10-01,77360,
PBCT,People's United Financial,reports,Financials,Financials,"Bridgeport, Connecticut",2008-11-13,1378946,
PEP,PepsiCo Inc.,reports,Consumer Staples,Consumer Staples,"Purchase, New York",,77476,1898
PKI,PerkinElmer,reports,Health Care,Health Care,"Waltham, Massachusetts",1985-05-31,31791,
PRGO,Perrigo,reports,Health Care,Health Care,"Dublin, Ireland",2011-12-19,1585364,
PFE,Pfizer Inc.,reports,Health Care,Health Care,"New York, New York",,78003,1849
PM,Philip Morris International,reports,Consumer Staples,Consumer Staples,"New York, New York",2008-03-31,1413329,
PSX,Phillips 66,reports,Energy,Energy,"Houston, Texas",2012-05-01,1534701,
PNW,Pinnacle West Capital,reports,Utilities,Utilities,"Phoenix, Arizona",,764622,1985
PXD,Pioneer Natural Resources,reports,Energy,Energy,"Irving, Texas",2008-09-24,1038357,
PNC,PNC Financial Services,reports,Financials,Financials,"Pittsburgh, Pennsylvania",1988-04-30,713676,
PPG,PPG Industries,reports,Materials,Materials,"Pittsburgh, Pennsylvania",,79879,1883
PPL,PPL Corp.,reports,Utilities,Utilities,"Allentown, Pennsylvania",,922224,
PFG,Principal Financial Group,reports,Financials,Financials,"Des Moines, Iowa",2002-07-22,1126328,
PG,Procter & Gamble,reports,Consumer Staples,Consumer Staples,"Cincinnati, Ohio",,80424,1837
PGR,Progressive Corp.,reports,Financials,Financials,"Mayfield Village, Ohio",1997-08-04,80661,
PLD,Prologis,reports,Real Estate,Real Estate,"San Francisco, California",2003-07-17,1045609,
PRU,Prudential Financial,reports,Financials,Financials,"Newark, New Jersey",2002-07-22,1137774,
PEG,Public Serv. Enterprise Inc.,reports,Utilities,Utilities,"Newark, New Jersey",,788784,
PSA,Public Storage,reports,Real Estate,Real Estate,"Glendale, California",2005-08-19,1393311,
PHM,Pulte Homes Inc.,reports,Consumer Discretionary,Consumer Discretionary,"Atlanta, Georgia",1984-04-30,822416,
PVH,PVH Corp.,reports,Consumer Discretionary,Consumer Discretionary,"New York, New York",2013-02-15,78239,
QRVO,Qorvo,reports,Information Technology,Information Technology,"Greensboro, North Carolina",2015-06-11,1604778,
PWR,Quanta Services Inc.,reports,Industrials,Industrials,"Houston, Texas",2009-07-01,1050915,
QCOM,QUALCOMM Inc.,reports,Information Technology,Information Technology,"San Diego, California",,804328,1985
DGX,Quest Diagnostics,reports,Health Care,Health Care,"Madison, New Jersey",2002-12-12,1022079,
RL,Ralph Lauren Corporation,reports,Consumer Discretionary,Consumer Discretionary,"New York, New York",2007-02-02,1037038,
RJF,Raymond James Financial Inc.,reports,Financials,Financials,"St. Petersburg, Florida",2017-03-20,720005,
RTN,Raytheon Co.,reports,Industrials,Industrials,"Waltham, Massachusetts",,1047122,1922
O,Realty Income Corporation,reports,Real Estate,Real Estate,"San Diego, California",2015-04-07,726728,
REG,Regency Centers Corporation,reports,Real Estate,Real Estate,"Jacksonville, Florida",2017-03-02,910606,
REGN,Regeneron Pharmaceuticals,reports,Health Care,Health Care,"Tarrytown, New York",2013-05-01,872589,
RF,Regions Financial Corp.,reports,Financials,Financials,"Birmingham, Alabama",1998-08-28,1281761,
RSG,Republic Services Inc,reports,Industrials,Industrials,"Phoenix, Arizona",2008-12-05,1060391,
RMD,ResMed,reports,Health Care,Health Care,"San Diego, California",2017-07-26,943819,
RHI,Robert Half International,reports,Industrials,Industrials,"Menlo Park, California",2000-12-05,315213,
ROK,Rockwell Automation Inc.,reports,Industrials,Industrials,"Milwaukee, Wisconsin",,1024478,
ROL,Rollins Inc.,reports,Industrials,Industrials,"Atlanta, Georgia",2018-10-01,84839,
ROP,Roper Technologies,reports,Industrials,Industrials,"Sarasota, Florida",2009-12-23,882835,
ROST,Ross Stores,reports,Consumer Discretionary,Consumer Discretionary,"Pleasanton, California",2009-12-21,745732,
RCL,Royal Caribbean Cruises Ltd,reports,Consumer Discretionary,Consumer Discretionary,"Miami, Florida",2014-12-05,884887,
SPGI,"S&P Global, Inc.",reports,Financials,Financials,"New York, New York",,64040,
CRM,Salesforce.com,reports,Information Technology,Information Technology,"San Francisco, California",2008-09-15,1108524,
SBAC,SBA Communications,reports,Real Estate,Real Estate,"Boca Raton, Florida",2017-09-01,1034054,
SLB,Schlumberger Ltd.,reports,Energy,Energy,"Curaçao, Kingdom of the Netherlands",1965-03-31,87347,1926
STX,Seagate Technology,reports,Information Technology,Information Technology,"Dublin, Ireland",2012-07-02,1137789,
SEE,Sealed Air,reports,Materials,Materials,"Elmwood Park, New Jersey",,1012100,
SRE,Sempra Energy,reports,Utilities,Utilities,"San Diego, California",,1032208,
NOW,ServiceNow,reports,Information Technology,Information Technology,"Santa Clara, California",2019-11-19,1373715,2003
SHW,Sherwin-Williams,reports,Materials,Materials,"Cleveland, Ohio",1964-06-30,89800,1866
SPG,Simon Property Group Inc,reports,Real Estate,Real Estate,"Indianapolis, Indiana",2002-06-26,1063761,2003
SWKS,Skyworks Solutions,reports,Information Technology,Information Technology,"Woburn, Massachusetts",2015-03-12,4127,
SLG,SL Green Realty,reports,Real Estate,Real Estate,"New York, New York",2015-03-20,1040971,
SNA,Snap-on,reports,Industrials,Industrials,"Kenosha, Wisconsin",1982-09-30,91440,1920
SO,Southern Co.,reports,Utilities,Utilities,"Atlanta, Georgia",,92122,
LUV,Southwest Airlines,reports,Industrials,Industrials,"Dallas, Texas",1994-07-01,92380,
SWK,Stanley Black & Decker,reports,Industrials,Industrials,"New Britain, Connecticut",1982-09-30,93556,
SBUX,Starbucks Corp.,reports,Consumer Discretionary,Consumer Discretionary,"Seattle, Washington",,829224,1971
STT,State Street Corp.,reports,Financials,Financials,"Boston, Massachusetts",,93751,
SYK,Stryker Corp.,reports,Health Care,Health Care,"Kalamazoo, Michigan",2000-12-12,310764,
STI,SunTrust Banks,reports,Financials,Financials,"Atlanta, Georgia",1988-05-31,750556,
SIVB,SVB Financial,reports,Financials,Financials,"Santa Clara, California",2018-03-19,719739,
SYF,Synchrony Financial,reports,Financials,Financials,"Stamford, Connecticut",2015-11-18,1601712,
SNPS,Synopsys Inc.,reports,Information Technology,Information Technology,"Mountain View, California",2017-03-16,883241,
SYY,Sysco Corp.,reports,Consumer Staples,Consumer Staples,"Houston, Texas",1986-12-31,96021,
TMUS,T-Mobile US,reports,Communication Services,Communication Services,"Bellevue, Washington",2019-07-15,1283699,
TROW,T. Rowe Price Group,reports,Financials,Financials,"Baltimore, Maryland",,1113169,1937
TTWO,Take-Two Interactive,reports,Communication Services,Communication Services,"New York, New York",2018-03-19,946581,
TPR,"Tapestry, Inc.",reports,Consumer Discretionary,Consumer Discretionary,"New York, New York",,1116132,2017
TGT,Target Corp.,reports,Consumer Discretionary,Consumer Discretionary,"Minneapolis, Minnesota",1976-12-31,27419,
TEL,TE Connectivity Ltd.,reports,Information Technology,Information Technology,"Schaffhausen, Switzerland",2011-10-17,1385157,
FTI,TechnipFMC,reports,Energy,Energy,"London, United Kingdom",2009-06-05,1681459,
TFX,Teleflex,reports,Health Care,Health Care,"Wayne, Pennsylvania",2019-01-18,96943,1943
TXN,Texas Instruments,reports,Information Technology,Information Technology,"Dallas, Texas",,97476,1930
TXT,Textron Inc.,reports,Industrials,Industrials,"Providence, Rhode Island",1978-12-31,217346,
TMO,Thermo Fisher Scientific,reports,Health Care,Health Care,"Waltham, Massachusetts",,97745,2006
TIF,Tiffany & Co.,reports,Consumer Discretionary,Consumer Discretionary,"New York, New York",2000-06-21,98246,
TWTR,"Twitter, Inc.",reports,Communication Services,Communication Services,"San Francisco, California",2018-06-07,1418091,
TJX,TJX Companies Inc.,reports,Consumer Discretionary,Consumer Discretionary,"Framingham, Massachusetts",1985-09-30,109198,
TSCO,Tractor Supply Company,reports,Consumer Discretionary,Consumer Discretionary,"Brentwood, Tennessee",2014-01-24,916365,
TDG,TransDigm Group,reports,Industrials,Industrials,"Cleveland, Ohio",2016-06-03,1260221,
TRV,The Travelers Companies Inc.,reports,Financials,Financials,"New York, New York",2002-08-21,86312,
TRIP,TripAdvisor,reports,Communication Services,Communication Services,"Newton, Massachusetts",2011-12-21,1526520,
TSN,Tyson Foods,reports,Consumer Staples,Consumer Staples,"Springdale, Arkansas",,100493,
UDR,"UDR, Inc.",reports,Real Estate,Real Estate,"Highlands Ranch, Colorado",2016-03-07,74208,
ULTA,Ulta Beauty,reports,Consumer Discretionary,Consumer Discretionary,"Bolingbrook, Illinois",2016-04-18,1403568,
USB,U.S. Bancorp,reports,Financials,Financials,"Minneapolis, Minnesota",,36104,1968
UAA,Under Armour Class A,reports,Consumer Discretionary,Consumer Discretionary,"Baltimore, Maryland",2016-03-25,1336917,
UA,Under Armour Class C,reports,Consumer Discretionary,Consumer Discretionary,"Baltimore, Maryland",2014-05-01,1336917,
UNP,Union Pacific Corp,reports,Industrials,Industrials,"Omaha, Nebraska",,100885,
UAL,United Airlines Holdings,reports,Industrials,Industrials,"Chicago, Illinois",2015-09-03,100517,
UNH,United Health Group Inc.,reports,Health Care,Health Care,"Minnetonka, Minnesota",1994-07-01,731766,
UPS,United Parcel Service,reports,Industrials,Industrials,"Atlanta, Georgia",2002-07-22,1090727,
URI,"United Rentals, Inc.",reports,Industrials,Industrials,"Stamford, Connecticut",2014-09-20,1067701,
UTX,United Technologies,reports,Industrials,Industrials,"Hartford, Connecticut",,101829,
UHS,"Universal Health Services, Inc.",reports,Health Care,Health Care,"King of Prussia, Pennsylvania",2014-09-20,352915,
UNM,Unum Group,reports,Financials,Financials,"Chattanooga, Tennessee",1994-03-01,5513,
VFC,V.F. Corp.,reports,Consumer Discretionary,Consumer Discretionary,"Greensboro, North Carolina",1979-06-30,103379,
VLO,Valero Energy,reports,Energy,Energy,"San Antonio, Texas",,1035002,1980
VAR,Varian Medical Systems,reports,Health Care,Health Care,"Palo Alto, California",2007-02-12,203527,
VTR,Ventas Inc,reports,Real Estate,Real Estate,"Chicago, Illinois",2009-03-04,740260,
VRSN,Verisign Inc.,reports,Information Technology,Information Technology,"Dulles, Virginia",2006-02-01,1014473,
VRSK,Verisk Analytics,reports,Industrials,Industrials,"Jersey City, New Jersey",2015-10-08,1442145,
VZ,Verizon Communications,reports,Communication Services,Communication Services,"New York, New York",1983-11-30,732712,
VRTX,Vertex Pharmaceuticals Inc,reports,Health Care,Health Care,"Cambridge, Massachusetts",2013-09-23,875320,
VIAB,Viacom Inc.,reports,Communication Services,Communication Services,"New York, New York",,1339947,
V,Visa Inc.,reports,Information Technology,Information Technology,"San Francisco, California",2009-12-21,1403161,
VNO,Vornado Realty Trust,reports,Real Estate,Real Estate,"New York, New York",,899689,
VMC,Vulcan Materials,reports,Materials,Materials,"Birmingham, Alabama",1999-06-30,1396009,
WAB,Wabtec Corporation,reports,Industrials,Industrials,"Wilmerding, Pennsylvania",2019-02-27,943452,
WMT,Walmart,reports,Consumer Staples,Consumer Staples,"Bentonville, Arkansas",1982-08-31,104169,
WBA,Walgreens Boots Alliance,reports,Consumer Staples,Consumer Staples,"Deerfield, Illinois",1979-12-31,1618921,
DIS,The Walt Disney Company,reports,Communication Services,Communication Services,"Burbank, California",1976-06-30,1001039,
WM,Waste Management Inc.,reports,Industrials,Industrials,"Houston, Texas",,823768,1968
WAT,Waters Corporation,reports,Health Care,Health Care,"Milford, Massachusetts",,1000697,1958
WEC,Wec Energy Group Inc,reports,Utilities,Utilities,"Milwaukee, Wisconsin",2008-10-31,783325,
WCG,WellCare,reports,Health Care,Health Care,"Tampa, Florida",1985,1279363,
WFC,Wells Fargo,reports,Financials,Financials,"San Francisco, California",1976-06-30,72971,
WELL,Welltower Inc.,reports,Real Estate,Real Estate,"Toledo, Ohio",2009-01-30,766704,
WDC,Western Digital,reports,Information Technology,Information Technology,"Irvine, California",2009-07-01,106040,
WU,Western Union Co,reports,Information Technology,Information Technology,"Englewood, Colorado",,1365135,1851
WRK,WestRock,reports,Materials,Materials,"Richmond, Virginia",,1636023,
WY,Weyerhaeuser,reports,Real Estate,Real Estate,"Federal Way, Washington",,106535,
WHR,Whirlpool Corp.,reports,Consumer Discretionary,Consumer Discretionary,"Benton Harbor, Michigan",,106640,1911
WMB,Williams Cos.,reports,Energy,Energy,"Tulsa, Oklahoma",1975-03-31,107263,
WLTW,Willis Towers Watson,reports,Financials,Financials,"London, United Kingdom",2016-01-05,1140536,
WYNN,Wynn Resorts Ltd,reports,Consumer Discretionary,Consumer Discretionary,"Paradise, Nevada",2008-11-14,1174922,
XEL,Xcel Energy Inc,reports,Utilities,Utilities,"Minneapolis, Minnesota",,72903,1909
XRX,Xerox,reports,Information Technology,Information Technology,"Norwalk, Connecticut",,108772,1906
XLNX,Xilinx,reports,Information Technology,Information Technology,"San Jose, California",1999-11-08,743988,
XYL,Xylem Inc.,reports,Industrials,Industrials,"White Plains, New York",2011-11-01,1524472,
YUM,Yum! Brands Inc,reports,Consumer Discretionary,Consumer Discretionary,"Louisville, Kentucky",1997-10-06,1041061,
ZBH,Zimmer Biomet Holdings,reports,Health Care,Health Care,"Warsaw, Indiana",2001-08-07,1136869,
ZION,Zions Bancorp,reports,Financials,Financials,"Salt Lake City, Utah",2001-06-22,109380,
ZTS,Zoetis,reports,Health Care,Health Care,"Florham Park, New Jersey",2013-06-21,1555280,
